danceability,energy,key,loudness,mode,speechiness,acousticness,instrumentalness,liveness,valence,tempo,type,id,uri,track_href,analysis_url,duration_ms,time_signature,genre,song_name,Unnamed: 0,title,Id
0.8959999999999999,0.691,1,-7.403,1,0.369,0.0118,0.0,0.0883,0.665,189.88,audio_features,1lKQIxQDnLKoFhNWwMFiho,spotify:track:1lKQIxQDnLKoFhNWwMFiho,https://api.spotify.com/v1/tracks/1lKQIxQDnLKoFhNWwMFiho,https://api.spotify.com/v1/audio-analysis/1lKQIxQDnLKoFhNWwMFiho,152398,4,Underground Rap,First Day Out,,,6863
0.4320000000000001,0.962,2,-5.834,1,0.13,0.00193,0.162,0.63,0.124,138.01,audio_features,6xyHjM4VecIRZDUldiiBA5,spotify:track:6xyHjM4VecIRZDUldiiBA5,https://api.spotify.com/v1/tracks/6xyHjM4VecIRZDUldiiBA5,https://api.spotify.com/v1/audio-analysis/6xyHjM4VecIRZDUldiiBA5,219085,4,trance,,8997.0,Uplifting | Trance,30452
0.6859999999999999,0.6920000000000001,0,-5.573,0,0.3229999999999999,0.482,0.0,0.1689999999999999,0.649,173.78,audio_features,1rZvU5sb2E8LuJTAqEdAiw,spotify:track:1rZvU5sb2E8LuJTAqEdAiw,https://api.spotify.com/v1/tracks/1rZvU5sb2E8LuJTAqEdAiw,https://api.spotify.com/v1/audio-analysis/1rZvU5sb2E8LuJTAqEdAiw,269357,3,Underground Rap,Funky Ho'$,,,8111
0.441,0.8909999999999999,7,-2.873,0,0.037,0.0177,0.815,0.184,0.0353,175.007,audio_features,1TDjiNBekgMInzoNZxYi0D,spotify:track:1TDjiNBekgMInzoNZxYi0D,https://api.spotify.com/v1/tracks/1TDjiNBekgMInzoNZxYi0D,https://api.spotify.com/v1/audio-analysis/1TDjiNBekgMInzoNZxYi0D,319851,4,dnb,,15264.0,Liquid Drum & Bass,36665
0.376,0.8759999999999999,4,-2.695,0,0.1009999999999999,0.0345,0.0,0.125,0.25,202.082,audio_features,79fspqGOIP7FInu1elXhVX,spotify:track:79fspqGOIP7FInu1elXhVX,https://api.spotify.com/v1/tracks/79fspqGOIP7FInu1elXhVX,https://api.spotify.com/v1/audio-analysis/79fspqGOIP7FInu1elXhVX,222442,4,Dark Trap,Miss U,,,4428
0.73,0.79,9,-4.711,1,0.1669999999999999,0.36,0.0,0.115,0.526,160.116,audio_features,2Ell8LRPEMkB3DGWHD7N18,spotify:track:2Ell8LRPEMkB3DGWHD7N18,https://api.spotify.com/v1/tracks/2Ell8LRPEMkB3DGWHD7N18,https://api.spotify.com/v1/audio-analysis/2Ell8LRPEMkB3DGWHD7N18,213107,4,Dark Trap,Zero,,,1433
0.7290000000000001,0.4579999999999999,11,-8.681000000000001,1,0.124,0.1939999999999999,7.57e-05,0.0961,0.317,157.99,audio_features,7qFhAfUbytgPIVz4TYb3hT,spotify:track:7qFhAfUbytgPIVz4TYb3hT,https://api.spotify.com/v1/tracks/7qFhAfUbytgPIVz4TYb3hT,https://api.spotify.com/v1/audio-analysis/7qFhAfUbytgPIVz4TYb3hT,280267,4,RnB,Do U Wrong (feat. Syd),,,18026
0.608,0.789,8,-2.971,1,0.335,0.00105,3.08e-05,0.0884,0.386,172.093,audio_features,2LQTHb4rEtKpxQgeqdesmc,spotify:track:2LQTHb4rEtKpxQgeqdesmc,https://api.spotify.com/v1/tracks/2LQTHb4rEtKpxQgeqdesmc,https://api.spotify.com/v1/audio-analysis/2LQTHb4rEtKpxQgeqdesmc,141867,4,Hiphop,Just Another Day,,,21115
0.607,0.544,11,-7.117999999999999,0,0.0246,0.00614,0.967,0.929,0.18,199.96,audio_features,4dnlu2YAKNqxFOQueFKZzL,spotify:track:4dnlu2YAKNqxFOQueFKZzL,https://api.spotify.com/v1/tracks/4dnlu2YAKNqxFOQueFKZzL,https://api.spotify.com/v1/audio-analysis/4dnlu2YAKNqxFOQueFKZzL,220455,4,Dark Trap,Tidal,,,3109
0.472,0.952,1,-3.2710000000000004,1,0.103,0.00021,0.356,0.426,0.373,175.033,audio_features,5nu8Ss7Y0faZUghs095amn,spotify:track:5nu8Ss7Y0faZUghs095amn,https://api.spotify.com/v1/tracks/5nu8Ss7Y0faZUghs095amn,https://api.spotify.com/v1/audio-analysis/5nu8Ss7Y0faZUghs095amn,260599,4,dnb,,17265.0,Drum and Bass - 2015 to 2020,38645
0.71,0.97,11,-2.958,0,0.0601,0.00731,0.0147,0.0841,0.496,149.997,audio_features,5f5qZSlK1skd1zPqetGZfP,spotify:track:5f5qZSlK1skd1zPqetGZfP,https://api.spotify.com/v1/tracks/5f5qZSlK1skd1zPqetGZfP,https://api.spotify.com/v1/audio-analysis/5f5qZSlK1skd1zPqetGZfP,219887,4,trap,,13210.0,HEADBANGERS:Dubstep/Riddim,34623
0.366,0.601,8,-7.724,0,0.0429,0.0122,0.938,0.122,0.0381,120.031,audio_features,1AU6XWoKia2VNwfUuXN1J7,spotify:track:1AU6XWoKia2VNwfUuXN1J7,https://api.spotify.com/v1/tracks/1AU6XWoKia2VNwfUuXN1J7,https://api.spotify.com/v1/audio-analysis/1AU6XWoKia2VNwfUuXN1J7,230034,4,Dark Trap,Half Light,,,2879
0.5539999999999999,0.792,8,-4.678999999999999,1,0.105,0.001,0.0,0.182,0.0581,140.067,audio_features,7lmV0rq1zUaIZYIAFU011X,spotify:track:7lmV0rq1zUaIZYIAFU011X,https://api.spotify.com/v1/tracks/7lmV0rq1zUaIZYIAFU011X,https://api.spotify.com/v1/audio-analysis/7lmV0rq1zUaIZYIAFU011X,144586,4,Trap Metal,Archangel,,,10874
0.6779999999999999,0.355,11,-10.102,0,0.0354,0.6759999999999999,0.17,0.0912,0.158,161.964,audio_features,7wch5iJo4JFtmrRfPVUBr1,spotify:track:7wch5iJo4JFtmrRfPVUBr1,https://api.spotify.com/v1/tracks/7wch5iJo4JFtmrRfPVUBr1,https://api.spotify.com/v1/audio-analysis/7wch5iJo4JFtmrRfPVUBr1,183648,4,Pop,Youth Memories,,,18206
0.464,0.794,6,-4.212,1,0.0492,0.000332,0.00431,0.339,0.218,174.071,audio_features,47jimrBNOIbXMz4KokLzmk,spotify:track:47jimrBNOIbXMz4KokLzmk,https://api.spotify.com/v1/tracks/47jimrBNOIbXMz4KokLzmk,https://api.spotify.com/v1/audio-analysis/47jimrBNOIbXMz4KokLzmk,284155,4,dnb,,17305.0,UKF Drum & Bass - All Uploads,38684
0.233,0.958,6,-2.615,0,0.0935,0.0599,0.000155,0.0913,0.0823,150.099,audio_features,0YXiRItsb0Vsep2oPy8aEG,spotify:track:0YXiRItsb0Vsep2oPy8aEG,https://api.spotify.com/v1/tracks/0YXiRItsb0Vsep2oPy8aEG,https://api.spotify.com/v1/audio-analysis/0YXiRItsb0Vsep2oPy8aEG,254493,4,hardstyle,,18723.0,Euphoric Hardstyle,40077
0.546,0.764,2,-7.105,1,0.1939999999999999,0.145,0.0124,0.295,0.1669999999999999,110.004,audio_features,2btEuRoMMZrTKa1yuXwszY,spotify:track:2btEuRoMMZrTKa1yuXwszY,https://api.spotify.com/v1/tracks/2btEuRoMMZrTKa1yuXwszY,https://api.spotify.com/v1/audio-analysis/2btEuRoMMZrTKa1yuXwszY,514600,4,Emo,Dear Jamie...Sincerely Me - EP Version,,,12597
0.809,0.68,4,-4.883,1,0.222,0.0535,1.2e-06,0.11,0.0653,143.988,audio_features,5esKpsrB3TbGHwFaAjIGMx,spotify:track:5esKpsrB3TbGHwFaAjIGMx,https://api.spotify.com/v1/tracks/5esKpsrB3TbGHwFaAjIGMx,https://api.spotify.com/v1/audio-analysis/5esKpsrB3TbGHwFaAjIGMx,146009,4,Rap,Move Ya Hips (feat. Nicki Minaj & MadeinTYO),,,15069
0.737,0.588,8,-4.872,0,0.0467,0.0026899999999999,0.0,0.276,0.262,150.936,audio_features,7CS41pvRBhejuFs4m5nwtr,spotify:track:7CS41pvRBhejuFs4m5nwtr,https://api.spotify.com/v1/tracks/7CS41pvRBhejuFs4m5nwtr,https://api.spotify.com/v1/audio-analysis/7CS41pvRBhejuFs4m5nwtr,237000,4,Dark Trap,When I Lie,,,1904
0.5379999999999999,0.499,8,-11.156,1,0.0289,0.591,0.000361,0.0959,0.177,147.986,audio_features,4fUbn1hdw7F5WIoqpf9Eir,spotify:track:4fUbn1hdw7F5WIoqpf9Eir,https://api.spotify.com/v1/tracks/4fUbn1hdw7F5WIoqpf9Eir,https://api.spotify.com/v1/audio-analysis/4fUbn1hdw7F5WIoqpf9Eir,110341,4,Dark Trap,push everyone away,,,1197
0.7390000000000001,0.986,1,-0.705,0,0.127,0.00252,0.255,0.206,0.308,145.015,audio_features,1YmEomeEUYtJHAWbrcYsJt,spotify:track:1YmEomeEUYtJHAWbrcYsJt,https://api.spotify.com/v1/tracks/1YmEomeEUYtJHAWbrcYsJt,https://api.spotify.com/v1/audio-analysis/1YmEomeEUYtJHAWbrcYsJt,297931,4,trap,,13600.0,Heavy Dubstep,35011
0.509,0.6679999999999999,0,-5.228,0,0.0434,0.0447,0.897,0.111,0.0796,175.013,audio_features,0QneHpK4Fc8xoCM2gCoqYr,spotify:track:0QneHpK4Fc8xoCM2gCoqYr,https://api.spotify.com/v1/tracks/0QneHpK4Fc8xoCM2gCoqYr,https://api.spotify.com/v1/audio-analysis/0QneHpK4Fc8xoCM2gCoqYr,315429,4,dnb,,16360.0,Liquid Drum & Bass,37751
0.541,0.941,1,-1.4280000000000002,0,0.0674,0.000828,0.000372,0.193,0.102,150.19799999999995,audio_features,7qAznQZcmTh2ITfqDC0QfX,spotify:track:7qAznQZcmTh2ITfqDC0QfX,https://api.spotify.com/v1/tracks/7qAznQZcmTh2ITfqDC0QfX,https://api.spotify.com/v1/audio-analysis/7qAznQZcmTh2ITfqDC0QfX,260804,4,trap,,13191.0,HEADBANGERS:Dubstep/Riddim,34604
0.619,0.858,11,-5.1320000000000014,0,0.0316,0.00456,0.0111,0.375,0.0393,126.016,audio_features,3yVuQVViVjSzFCFQN0I7Yv,spotify:track:3yVuQVViVjSzFCFQN0I7Yv,https://api.spotify.com/v1/tracks/3yVuQVViVjSzFCFQN0I7Yv,https://api.spotify.com/v1/audio-analysis/3yVuQVViVjSzFCFQN0I7Yv,215385,4,trance,,6486.0,Best of Trance,27942
0.8320000000000001,0.497,4,-9.144,1,0.079,0.0295,0.000167,0.171,0.444,189.962,audio_features,21PmKbhk8SsEgIEfDCDjvw,spotify:track:21PmKbhk8SsEgIEfDCDjvw,https://api.spotify.com/v1/tracks/21PmKbhk8SsEgIEfDCDjvw,https://api.spotify.com/v1/audio-analysis/21PmKbhk8SsEgIEfDCDjvw,184500,4,Trap Metal,Cabaret,,,11451
0.657,0.401,3,-8.749,1,0.0294,0.3289999999999999,0.0,0.123,0.682,129.995,audio_features,32zTrU13WFPoWoPv0wKuXM,spotify:track:32zTrU13WFPoWoPv0wKuXM,https://api.spotify.com/v1/tracks/32zTrU13WFPoWoPv0wKuXM,https://api.spotify.com/v1/audio-analysis/32zTrU13WFPoWoPv0wKuXM,204245,4,Emo,Six Feet Under The Stars (Acoustic),,,13797
0.809,0.4629999999999999,11,-11.377,1,0.0396,0.256,0.085,0.109,0.364,111.98,audio_features,7hDc8b7IXETo14hHIHdnhd,spotify:track:7hDc8b7IXETo14hHIHdnhd,https://api.spotify.com/v1/tracks/7hDc8b7IXETo14hHIHdnhd,https://api.spotify.com/v1/audio-analysis/7hDc8b7IXETo14hHIHdnhd,298941,4,Hiphop,Passionfruit,,,19883
0.812,0.71,10,-6.321000000000001,0,0.327,0.0138,0.0,0.132,0.805,169.926,audio_features,4svrshpdIytbEI2RSt0ctO,spotify:track:4svrshpdIytbEI2RSt0ctO,https://api.spotify.com/v1/tracks/4svrshpdIytbEI2RSt0ctO,https://api.spotify.com/v1/audio-analysis/4svrshpdIytbEI2RSt0ctO,145625,4,Underground Rap,Flash Bang,,,4699
0.83,0.961,0,-5.194,1,0.0824,0.000515,0.93,0.042,0.831,124.025,audio_features,5Z9nBYhvS0A2WgRyl7Iwk2,spotify:track:5Z9nBYhvS0A2WgRyl7Iwk2,https://api.spotify.com/v1/tracks/5Z9nBYhvS0A2WgRyl7Iwk2,https://api.spotify.com/v1/audio-analysis/5Z9nBYhvS0A2WgRyl7Iwk2,209998,4,techhouse,,276.0,Dirtybird//Techhouse by Mack\,21798
0.524,0.8009999999999999,7,-4.439,0,0.4,0.0674,0.0,0.273,0.56,111.014,audio_features,7i28e49mz6HlSgXvTZATIf,spotify:track:7i28e49mz6HlSgXvTZATIf,https://api.spotify.com/v1/tracks/7i28e49mz6HlSgXvTZATIf,https://api.spotify.com/v1/audio-analysis/7i28e49mz6HlSgXvTZATIf,174351,4,Trap Metal,CHOK3,,,12124
0.52,0.901,5,-3.083,0,0.121,0.00793,0.000901,0.0744,0.62,175.048,audio_features,7n4LoESbZ21m9dMv7fhLmb,spotify:track:7n4LoESbZ21m9dMv7fhLmb,https://api.spotify.com/v1/tracks/7n4LoESbZ21m9dMv7fhLmb,https://api.spotify.com/v1/audio-analysis/7n4LoESbZ21m9dMv7fhLmb,268832,4,dnb,,15858.0,Liqduicity Drum & Bass,37257
0.777,0.757,9,-5.5360000000000005,0,0.286,0.246,0.0,0.173,0.286,127.995,audio_features,5zt2uXp8rDK1th6snRoNPy,spotify:track:5zt2uXp8rDK1th6snRoNPy,https://api.spotify.com/v1/tracks/5zt2uXp8rDK1th6snRoNPy,https://api.spotify.com/v1/audio-analysis/5zt2uXp8rDK1th6snRoNPy,233447,4,Underground Rap,DEAD OR ALIVE FREESTYLE,,,8561
0.685,0.862,5,-7.216,0,0.0383,0.00308,0.812,0.143,0.108,134.987,audio_features,5WuKwr9eucPA1ga1TY9r3R,spotify:track:5WuKwr9eucPA1ga1TY9r3R,https://api.spotify.com/v1/tracks/5WuKwr9eucPA1ga1TY9r3R,https://api.spotify.com/v1/audio-analysis/5WuKwr9eucPA1ga1TY9r3R,497241,4,psytrance,,10871.0,PSYTRANCE BANGERS best new 2020,32301
0.768,0.777,1,-7.077999999999999,1,0.0579,0.0661,0.89,0.0908,0.109,125.992,audio_features,4PEt83rENTXHwkZYvvo02A,spotify:track:4PEt83rENTXHwkZYvvo02A,https://api.spotify.com/v1/tracks/4PEt83rENTXHwkZYvvo02A,https://api.spotify.com/v1/audio-analysis/4PEt83rENTXHwkZYvvo02A,434250,4,techno,,3851.0,Techno / Minimal / Hardcore/ Melodic / Dark,25336
0.379,0.8370000000000001,0,-6.316,0,0.256,0.0205,0.0,0.0794,0.5670000000000001,150.15200000000004,audio_features,7kdUisUTnE8lSfai5Hnl12,spotify:track:7kdUisUTnE8lSfai5Hnl12,https://api.spotify.com/v1/tracks/7kdUisUTnE8lSfai5Hnl12,https://api.spotify.com/v1/audio-analysis/7kdUisUTnE8lSfai5Hnl12,224400,4,hardstyle,,20844.0,Best Hardstyle ever made,42152
0.713,0.526,1,-5.046,1,0.032,0.00767,0.000148,0.124,0.131,131.05,audio_features,1wHZx0LgzFHyeIZkUydNXq,spotify:track:1wHZx0LgzFHyeIZkUydNXq,https://api.spotify.com/v1/tracks/1wHZx0LgzFHyeIZkUydNXq,https://api.spotify.com/v1/audio-analysis/1wHZx0LgzFHyeIZkUydNXq,262693,4,Rap,Antidote,,,14137
0.8,0.578,4,-5.144,0,0.0485,0.00381,0.0,0.359,0.367,143.01,audio_features,0QIjsbm2fh1cJ45XO9eGqq,spotify:track:0QIjsbm2fh1cJ45XO9eGqq,https://api.spotify.com/v1/tracks/0QIjsbm2fh1cJ45XO9eGqq,https://api.spotify.com/v1/audio-analysis/0QIjsbm2fh1cJ45XO9eGqq,204665,4,RnB,Wake Up in the Sky,,,17410
0.665,0.6859999999999999,2,-9.263,1,0.0407,0.173,3.39e-06,0.146,0.633,108.007,audio_features,4bl62UhAhbe8nQwbIGFSag,spotify:track:4bl62UhAhbe8nQwbIGFSag,https://api.spotify.com/v1/tracks/4bl62UhAhbe8nQwbIGFSag,https://api.spotify.com/v1/audio-analysis/4bl62UhAhbe8nQwbIGFSag,198577,4,RnB,Can't Stop Lovin',,,16409
0.603,0.5429999999999999,10,-7.779,0,0.204,0.396,0.0053799999999999,0.0989,0.0709,119.835,audio_features,4Eg7CMC93X3w1eLHyVWeOl,spotify:track:4Eg7CMC93X3w1eLHyVWeOl,https://api.spotify.com/v1/tracks/4Eg7CMC93X3w1eLHyVWeOl,https://api.spotify.com/v1/audio-analysis/4Eg7CMC93X3w1eLHyVWeOl,177267,4,Dark Trap,Overtime,,,1182
0.361,0.977,7,-5.044,1,0.171,0.00644,0.723,0.573,0.0702,139.968,audio_features,0nupuMbTTb8v8RCUugBb2p,spotify:track:0nupuMbTTb8v8RCUugBb2p,https://api.spotify.com/v1/tracks/0nupuMbTTb8v8RCUugBb2p,https://api.spotify.com/v1/audio-analysis/0nupuMbTTb8v8RCUugBb2p,387428,4,psytrance,,10225.0,Psytrance New Releases 2020,31662
0.603,0.967,10,-5.28,0,0.068,4.120000000000001e-05,0.7190000000000001,0.0776,0.282,139.997,audio_features,1v5ydzQOrRWO35DMSNHNgo,spotify:track:1v5ydzQOrRWO35DMSNHNgo,https://api.spotify.com/v1/tracks/1v5ydzQOrRWO35DMSNHNgo,https://api.spotify.com/v1/audio-analysis/1v5ydzQOrRWO35DMSNHNgo,473143,4,trance,,8016.0,Uplifting Trance.,29472
0.6579999999999999,0.589,1,-11.829,1,0.0404,0.259,0.915,0.11,0.0592,124.999,audio_features,2SrChYkSU7PDXn80vJyX6y,spotify:track:2SrChYkSU7PDXn80vJyX6y,https://api.spotify.com/v1/tracks/2SrChYkSU7PDXn80vJyX6y,https://api.spotify.com/v1/audio-analysis/2SrChYkSU7PDXn80vJyX6y,433947,3,techno,,3575.0,|DARK|HARD|TECHNO,25066
0.858,0.737,1,-10.935,0,0.0692,0.00809,0.431,0.0883,0.6679999999999999,123.009,audio_features,4Byuz6YlTC4oXhEEKDwnEH,spotify:track:4Byuz6YlTC4oXhEEKDwnEH,https://api.spotify.com/v1/tracks/4Byuz6YlTC4oXhEEKDwnEH,https://api.spotify.com/v1/audio-analysis/4Byuz6YlTC4oXhEEKDwnEH,374392,4,techhouse,,2903.0,Dirtybird Players,24404
0.236,0.938,4,-7.556,0,0.152,0.00475,0.00632,0.188,0.0687,130.309,audio_features,77RKB8g25O6nyJjYFFY1JT,spotify:track:77RKB8g25O6nyJjYFFY1JT,https://api.spotify.com/v1/tracks/77RKB8g25O6nyJjYFFY1JT,https://api.spotify.com/v1/audio-analysis/77RKB8g25O6nyJjYFFY1JT,136377,4,trance,,7493.0,State if Trance (The best ASOT Epsidoes),28949
0.649,0.684,6,-5.65,1,0.0561,0.0861,0.0,0.102,0.2239999999999999,122.016,audio_features,6Yqzw3U3RYFtIu9YnI1Ugj,spotify:track:6Yqzw3U3RYFtIu9YnI1Ugj,https://api.spotify.com/v1/tracks/6Yqzw3U3RYFtIu9YnI1Ugj,https://api.spotify.com/v1/audio-analysis/6Yqzw3U3RYFtIu9YnI1Ugj,245840,4,Dark Trap,Crystal City,,,2142
0.311,0.693,1,-7.558,1,0.0587,0.00443,0.802,0.371,0.172,128.925,audio_features,4mUXw2kNGwaRSdUVlTAsWo,spotify:track:4mUXw2kNGwaRSdUVlTAsWo,https://api.spotify.com/v1/tracks/4mUXw2kNGwaRSdUVlTAsWo,https://api.spotify.com/v1/audio-analysis/4mUXw2kNGwaRSdUVlTAsWo,297907,4,trance,,6789.0,Anjunabeats Volumes 1 - 14,28245
0.5589999999999999,0.973,1,-3.1460000000000004,0,0.0768,0.000484,0.626,0.361,0.632,175.97799999999995,audio_features,2bt37i22I1Gdyz9mz05eLD,spotify:track:2bt37i22I1Gdyz9mz05eLD,https://api.spotify.com/v1/tracks/2bt37i22I1Gdyz9mz05eLD,https://api.spotify.com/v1/audio-analysis/2bt37i22I1Gdyz9mz05eLD,343168,4,dnb,,15436.0,Drum and Bass 2020,36837
0.667,0.953,0,-6.391,1,0.0566,0.000328,0.778,0.112,0.171,138.009,audio_features,0W4J30SIgmumL6msGMmra7,spotify:track:0W4J30SIgmumL6msGMmra7,https://api.spotify.com/v1/tracks/0W4J30SIgmumL6msGMmra7,https://api.spotify.com/v1/audio-analysis/0W4J30SIgmumL6msGMmra7,500870,4,psytrance,,10131.0,Psytrance Can,31569
0.5539999999999999,0.83,8,-5.82,1,0.0358,0.000376,0.851,0.363,0.331,122.99,audio_features,0lgHrv9qcVhwII3aW9aMZJ,spotify:track:0lgHrv9qcVhwII3aW9aMZJ,https://api.spotify.com/v1/tracks/0lgHrv9qcVhwII3aW9aMZJ,https://api.spotify.com/v1/audio-analysis/0lgHrv9qcVhwII3aW9aMZJ,220488,4,techhouse,,1273.0,Tech House 2020,22786
0.5920000000000001,0.564,1,-9.632,1,0.0375,6.32e-05,0.0554,0.156,0.0561,143.341,audio_features,2QCW40P2Zi8MEFcX5EN4Qm,spotify:track:2QCW40P2Zi8MEFcX5EN4Qm,https://api.spotify.com/v1/tracks/2QCW40P2Zi8MEFcX5EN4Qm,https://api.spotify.com/v1/audio-analysis/2QCW40P2Zi8MEFcX5EN4Qm,267932,4,Dark Trap,Bad Girls,,,3850
0.534,0.494,1,-15.011,1,0.0603,0.0326,0.838,0.103,0.135,149.98,audio_features,5RydAyOeHWofDHuP9BnfCw,spotify:track:5RydAyOeHWofDHuP9BnfCw,https://api.spotify.com/v1/tracks/5RydAyOeHWofDHuP9BnfCw,https://api.spotify.com/v1/audio-analysis/5RydAyOeHWofDHuP9BnfCw,204800,4,Dark Trap,Third Sphere Angel,,,2847
0.657,0.386,6,-14.778,1,0.0447,0.575,0.0982,0.11,0.821,165.00799999999998,audio_features,4ouwYhgpulLeuNWlF7QJZc,spotify:track:4ouwYhgpulLeuNWlF7QJZc,https://api.spotify.com/v1/tracks/4ouwYhgpulLeuNWlF7QJZc,https://api.spotify.com/v1/audio-analysis/4ouwYhgpulLeuNWlF7QJZc,233038,4,Dark Trap,$tars,,,1147
0.488,0.919,9,-4.477,0,0.0502,0.0126,0.00322,0.385,0.195,127.982,audio_features,04xRHLyXOie4HEwMI3cAU5,spotify:track:04xRHLyXOie4HEwMI3cAU5,https://api.spotify.com/v1/tracks/04xRHLyXOie4HEwMI3cAU5,https://api.spotify.com/v1/audio-analysis/04xRHLyXOie4HEwMI3cAU5,217588,4,trance,,7401.0,UPLIFTING TRANCE 2020,28857
0.358,0.601,5,-8.184,0,0.0502,0.014,0.0605,0.221,0.34,128.035,audio_features,4xv3MyYqKcuabfGwFFBKSy,spotify:track:4xv3MyYqKcuabfGwFFBKSy,https://api.spotify.com/v1/tracks/4xv3MyYqKcuabfGwFFBKSy,https://api.spotify.com/v1/audio-analysis/4xv3MyYqKcuabfGwFFBKSy,220416,4,trance,,8352.0,Progressive Trance,29807
0.648,0.972,6,-6.782,0,0.0426,0.00318,0.889,0.109,0.0957,140.033,audio_features,0LMPYpJ0i0MNyfxxBRFJUd,spotify:track:0LMPYpJ0i0MNyfxxBRFJUd,https://api.spotify.com/v1/tracks/0LMPYpJ0i0MNyfxxBRFJUd,https://api.spotify.com/v1/audio-analysis/0LMPYpJ0i0MNyfxxBRFJUd,497143,4,psytrance,,10820.0,Psytrance 2020,32251
0.546,0.871,11,-6.013999999999999,1,0.0399,0.000601,0.5579999999999999,0.153,0.238,144.999,audio_features,611MtmLaHL9BqRohwfXiac,spotify:track:611MtmLaHL9BqRohwfXiac,https://api.spotify.com/v1/tracks/611MtmLaHL9BqRohwfXiac,https://api.spotify.com/v1/audio-analysis/611MtmLaHL9BqRohwfXiac,453517,4,psytrance,,10915.0,PSYTRANCE BANGERS best new 2020,32343
0.653,0.7340000000000001,4,-10.984000000000002,0,0.0518,0.402,0.845,0.159,0.235,130.007,audio_features,2yLp4FvZpiBcrIYQFtKBMK,spotify:track:2yLp4FvZpiBcrIYQFtKBMK,https://api.spotify.com/v1/tracks/2yLp4FvZpiBcrIYQFtKBMK,https://api.spotify.com/v1/audio-analysis/2yLp4FvZpiBcrIYQFtKBMK,336000,4,techno,,3795.0,Dark Techno Rave,25282
0.857,0.731,1,-6.354,1,0.0754,0.0822,0.000364,0.324,0.609,140.002,audio_features,0TKg8mG9qQX31U5qWoECjr,spotify:track:0TKg8mG9qQX31U5qWoECjr,https://api.spotify.com/v1/tracks/0TKg8mG9qQX31U5qWoECjr,https://api.spotify.com/v1/audio-analysis/0TKg8mG9qQX31U5qWoECjr,152880,4,Underground Rap,Naloxone,,,6889
0.826,0.8420000000000001,4,-7.007999999999999,0,0.0638,0.017,0.0185,0.115,0.378,126.023,audio_features,77O4SwLC4TcMokkt8prNGf,spotify:track:77O4SwLC4TcMokkt8prNGf,https://api.spotify.com/v1/tracks/77O4SwLC4TcMokkt8prNGf,https://api.spotify.com/v1/audio-analysis/77O4SwLC4TcMokkt8prNGf,209524,4,techhouse,,1764.0,Dirtybird Players,23273
0.5920000000000001,0.88,6,-7.331,1,0.041,0.38,0.0654,0.315,0.344,139.987,audio_features,4ozVowXKKwbZpMUrEITBXf,spotify:track:4ozVowXKKwbZpMUrEITBXf,https://api.spotify.com/v1/tracks/4ozVowXKKwbZpMUrEITBXf,https://api.spotify.com/v1/audio-analysis/4ozVowXKKwbZpMUrEITBXf,224749,4,trance,,8381.0,"Uplifting, Melodic Trance & Vocal Trance",29836
0.217,0.905,2,-4.103,1,0.0752,0.000289,0.00011,0.222,0.236,193.9,audio_features,5wQnmLuC1W7ATsArWACrgW,spotify:track:5wQnmLuC1W7ATsArWACrgW,https://api.spotify.com/v1/tracks/5wQnmLuC1W7ATsArWACrgW,https://api.spotify.com/v1/audio-analysis/5wQnmLuC1W7ATsArWACrgW,311107,4,Emo,Welcome to the Black Parade,,,12524
0.698,0.807,1,-7.241,1,0.0703,0.0389,0.92,0.0943,0.0867,174.019,audio_features,3D9SIGbsjCsXFcVjEfqwN3,spotify:track:3D9SIGbsjCsXFcVjEfqwN3,https://api.spotify.com/v1/tracks/3D9SIGbsjCsXFcVjEfqwN3,https://api.spotify.com/v1/audio-analysis/3D9SIGbsjCsXFcVjEfqwN3,281658,4,dnb,,15999.0,UKF Drum & Bass - All Uploads,37395
0.642,0.614,4,-5.335,0,0.3939999999999999,0.211,0.0,0.123,0.43,199.144,audio_features,5VqKdNoamMXrmRmqVmi9ke,spotify:track:5VqKdNoamMXrmRmqVmi9ke,https://api.spotify.com/v1/tracks/5VqKdNoamMXrmRmqVmi9ke,https://api.spotify.com/v1/audio-analysis/5VqKdNoamMXrmRmqVmi9ke,184959,4,RnB,Sauce,,,16837
0.5479999999999999,0.805,7,-5.732,1,0.351,0.212,0.000389,0.408,0.648,142.094,audio_features,1SslOor5usE3EFLGtiMyIn,spotify:track:1SslOor5usE3EFLGtiMyIn,https://api.spotify.com/v1/tracks/1SslOor5usE3EFLGtiMyIn,https://api.spotify.com/v1/audio-analysis/1SslOor5usE3EFLGtiMyIn,216387,4,Rap,Dior,,,14129
0.426,0.969,10,-2.7230000000000003,0,0.044,0.000103,0.5,0.316,0.418,174.002,audio_features,1NIAOip4JGj8I1iGIdXA0G,spotify:track:1NIAOip4JGj8I1iGIdXA0G,https://api.spotify.com/v1/tracks/1NIAOip4JGj8I1iGIdXA0G,https://api.spotify.com/v1/audio-analysis/1NIAOip4JGj8I1iGIdXA0G,305693,4,dnb,,17660.0,Liqduicity Drum & Bass,39034
0.494,0.672,3,-4.877,1,0.0405,0.0273,0.0,0.105,0.557,156.208,audio_features,2TeiKDPE3RdamZG0pp5okI,spotify:track:2TeiKDPE3RdamZG0pp5okI,https://api.spotify.com/v1/tracks/2TeiKDPE3RdamZG0pp5okI,https://api.spotify.com/v1/audio-analysis/2TeiKDPE3RdamZG0pp5okI,277027,4,Emo,Perfect,,,12821
0.404,0.992,6,-5.914,0,0.0644,0.000725,0.981,0.195,0.435,137.995,audio_features,7jURVukBXUaHIyw2kyf922,spotify:track:7jURVukBXUaHIyw2kyf922,https://api.spotify.com/v1/tracks/7jURVukBXUaHIyw2kyf922,https://api.spotify.com/v1/audio-analysis/7jURVukBXUaHIyw2kyf922,192609,4,trance,,8983.0,Top Trance Songs EVER,30438
0.629,0.5920000000000001,8,-8.741,0,0.476,0.552,0.0079099999999999,0.131,0.883,159.454,audio_features,6SZ9Tas1wuiFNdzwfddBi6,spotify:track:6SZ9Tas1wuiFNdzwfddBi6,https://api.spotify.com/v1/tracks/6SZ9Tas1wuiFNdzwfddBi6,https://api.spotify.com/v1/audio-analysis/6SZ9Tas1wuiFNdzwfddBi6,152827,4,Hiphop,Labor,,,19279
0.7979999999999999,0.696,11,-8.926,0,0.0556,0.000321,0.868,0.0828,0.505,128.015,audio_features,5Y7maP3ovGV1rIbsaLJG9w,spotify:track:5Y7maP3ovGV1rIbsaLJG9w,https://api.spotify.com/v1/tracks/5Y7maP3ovGV1rIbsaLJG9w,https://api.spotify.com/v1/audio-analysis/5Y7maP3ovGV1rIbsaLJG9w,420000,4,techhouse,,2015.0,Beatoirt Best New Tech House,23522
0.732,0.778,2,-7.746,1,0.0299,0.0194,0.928,0.11,0.163,142.014,audio_features,0bdkYCR1Jy39umd0KLZmt3,spotify:track:0bdkYCR1Jy39umd0KLZmt3,https://api.spotify.com/v1/tracks/0bdkYCR1Jy39umd0KLZmt3,https://api.spotify.com/v1/audio-analysis/0bdkYCR1Jy39umd0KLZmt3,204000,4,Dark Trap,All 4 The Love,,,2854
0.57,0.959,10,-5.885,1,0.0495,3.14e-05,0.8140000000000001,0.0566,0.171,150.009,audio_features,22XXQoOSB8dM4rhYxuWjki,spotify:track:22XXQoOSB8dM4rhYxuWjki,https://api.spotify.com/v1/tracks/22XXQoOSB8dM4rhYxuWjki,https://api.spotify.com/v1/audio-analysis/22XXQoOSB8dM4rhYxuWjki,460800,4,psytrance,,9740.0,Psytrance New Releases 2020,31181
0.544,0.377,0,-12.321,0,0.179,0.0296,9.39e-05,0.152,0.266,191.96400000000003,audio_features,7tJtoPXBlDIzYNMpceB5ei,spotify:track:7tJtoPXBlDIzYNMpceB5ei,https://api.spotify.com/v1/tracks/7tJtoPXBlDIzYNMpceB5ei,https://api.spotify.com/v1/audio-analysis/7tJtoPXBlDIzYNMpceB5ei,158825,4,Trap Metal,I'll Pay For It (If I Want It),,,11605
0.696,0.406,5,-8.086,1,0.173,0.598,0.0125,0.105,0.186,175.94,audio_features,1nPATHhXCkMHqbGbZqfUEe,spotify:track:1nPATHhXCkMHqbGbZqfUEe,https://api.spotify.com/v1/tracks/1nPATHhXCkMHqbGbZqfUEe,https://api.spotify.com/v1/audio-analysis/1nPATHhXCkMHqbGbZqfUEe,242677,4,RnB,Waiting For,,,16492
0.528,0.991,8,0.114,1,0.502,0.0131,0.0758,0.209,0.212,149.944,audio_features,2P1HPS9ByTu3mCuOROHmTH,spotify:track:2P1HPS9ByTu3mCuOROHmTH,https://api.spotify.com/v1/tracks/2P1HPS9ByTu3mCuOROHmTH,https://api.spotify.com/v1/audio-analysis/2P1HPS9ByTu3mCuOROHmTH,236800,4,trap,,13953.0,Headbangers:Dubstep/Riddim,35363
0.645,0.541,2,-8.449,1,0.4,0.0903,0.0,0.295,0.305,155.784,audio_features,5LXuySlHvcItvLD60TRML9,spotify:track:5LXuySlHvcItvLD60TRML9,https://api.spotify.com/v1/tracks/5LXuySlHvcItvLD60TRML9,https://api.spotify.com/v1/audio-analysis/5LXuySlHvcItvLD60TRML9,82000,4,Trap Metal,MAGIC CITY,,,11806
0.618,0.984,1,-6.803,1,0.0457,2.61e-05,0.778,0.354,0.339,148.0,audio_features,6ol1rUa78QRHeMzjfTIgBy,spotify:track:6ol1rUa78QRHeMzjfTIgBy,https://api.spotify.com/v1/tracks/6ol1rUa78QRHeMzjfTIgBy,https://api.spotify.com/v1/audio-analysis/6ol1rUa78QRHeMzjfTIgBy,487015,3,psytrance,,11727.0,Psytrance: From Full on to Forrest Trance,33145
0.7709999999999999,0.845,0,-6.734,1,0.1669999999999999,0.0487,0.000475,0.223,0.7959999999999999,123.986,audio_features,3krH2Dgm7SpBUYZMbMTIDo,spotify:track:3krH2Dgm7SpBUYZMbMTIDo,https://api.spotify.com/v1/tracks/3krH2Dgm7SpBUYZMbMTIDo,https://api.spotify.com/v1/audio-analysis/3krH2Dgm7SpBUYZMbMTIDo,188710,4,techhouse,,2100.0,Tech House Elrow Secrets,23605
0.298,0.989,5,-2.5660000000000003,0,0.048,0.000363,0.468,0.294,0.0395,173.995,audio_features,0RpsN5i29wzKUXUBRX0AVO,spotify:track:0RpsN5i29wzKUXUBRX0AVO,https://api.spotify.com/v1/tracks/0RpsN5i29wzKUXUBRX0AVO,https://api.spotify.com/v1/audio-analysis/0RpsN5i29wzKUXUBRX0AVO,277241,4,dnb,,17803.0,Massive Drum & Bass,39174
0.807,0.916,11,-7.393,0,0.0467,0.00163,0.794,0.0264,0.8440000000000001,123.026,audio_features,1MTQkWZJjxZigvdZBPX7ui,spotify:track:1MTQkWZJjxZigvdZBPX7ui,https://api.spotify.com/v1/tracks/1MTQkWZJjxZigvdZBPX7ui,https://api.spotify.com/v1/audio-analysis/1MTQkWZJjxZigvdZBPX7ui,331707,4,techhouse,,24.0,Dirtybird Players,21549
0.56,0.959,10,-5.425,0,0.0579,4.320000000000001e-05,0.904,0.0855,0.447,141.995,audio_features,20ugSYmNrl0DRotJsF6BWg,spotify:track:20ugSYmNrl0DRotJsF6BWg,https://api.spotify.com/v1/tracks/20ugSYmNrl0DRotJsF6BWg,https://api.spotify.com/v1/audio-analysis/20ugSYmNrl0DRotJsF6BWg,486761,4,psytrance,,11696.0,"Psy, Goa, Full on Trance",33114
0.7929999999999999,0.608,6,-11.638,0,0.0673,0.588,0.861,0.0991,0.118,124.988,audio_features,7p6oXzBSPAXXz8Xb8gBPki,spotify:track:7p6oXzBSPAXXz8Xb8gBPki,https://api.spotify.com/v1/tracks/7p6oXzBSPAXXz8Xb8gBPki,https://api.spotify.com/v1/audio-analysis/7p6oXzBSPAXXz8Xb8gBPki,383972,4,techno,,4210.0,Techno,25691
0.665,0.409,0,-10.037,1,0.787,0.325,1.29e-05,0.0747,0.296,151.355,audio_features,2L9mXwt6vJ3FxVxf7jsGkd,spotify:track:2L9mXwt6vJ3FxVxf7jsGkd,https://api.spotify.com/v1/tracks/2L9mXwt6vJ3FxVxf7jsGkd,https://api.spotify.com/v1/audio-analysis/2L9mXwt6vJ3FxVxf7jsGkd,181368,4,Underground Rap,$150 / roll widdit,,,8087
0.7170000000000001,0.79,11,-4.213,1,0.2,0.33,0.000125,0.518,0.371,125.985,audio_features,3yk7PJnryiJ8mAPqsrujzf,spotify:track:3yk7PJnryiJ8mAPqsrujzf,https://api.spotify.com/v1/tracks/3yk7PJnryiJ8mAPqsrujzf,https://api.spotify.com/v1/audio-analysis/3yk7PJnryiJ8mAPqsrujzf,168784,4,Underground Rap,Location,,,9284
0.173,0.622,0,-12.550999999999998,1,0.0711,0.0855,0.971,0.113,0.245,114.384,audio_features,6zcTs0uMOCLrwUd1M4A1I7,spotify:track:6zcTs0uMOCLrwUd1M4A1I7,https://api.spotify.com/v1/tracks/6zcTs0uMOCLrwUd1M4A1I7,https://api.spotify.com/v1/audio-analysis/6zcTs0uMOCLrwUd1M4A1I7,218585,4,Dark Trap,Thief,,,3451
0.529,0.981,0,-5.377000000000002,0,0.0877,0.000396,0.215,0.503,0.202,138.0,audio_features,33i9LKtVZ0CGbtbU83m80j,spotify:track:33i9LKtVZ0CGbtbU83m80j,https://api.spotify.com/v1/tracks/33i9LKtVZ0CGbtbU83m80j,https://api.spotify.com/v1/audio-analysis/33i9LKtVZ0CGbtbU83m80j,219130,4,trance,,6491.0,Top Trance Songs EVER,27947
0.877,0.8029999999999999,9,-6.021,1,0.337,0.138,9.19e-06,0.5579999999999999,0.675,129.965,audio_features,6t2dHDQMpBlHH0vrHIifaz,spotify:track:6t2dHDQMpBlHH0vrHIifaz,https://api.spotify.com/v1/tracks/6t2dHDQMpBlHH0vrHIifaz,https://api.spotify.com/v1/audio-analysis/6t2dHDQMpBlHH0vrHIifaz,158067,4,Trap Metal,Members Only Shit,,,11265
0.779,0.911,1,-6.341,0,0.4579999999999999,0.011,0.0,0.047,0.2689999999999999,160.004,audio_features,6qwEeAl6Cl32odNr2GIMjm,spotify:track:6qwEeAl6Cl32odNr2GIMjm,https://api.spotify.com/v1/tracks/6qwEeAl6Cl32odNr2GIMjm,https://api.spotify.com/v1/audio-analysis/6qwEeAl6Cl32odNr2GIMjm,94235,4,Trap Metal,EXORCIST,,,12353
0.725,0.59,6,-4.178,0,0.2019999999999999,0.34,7.58e-06,0.286,0.932,196.048,audio_features,3n0JO8qf7FUaVejgYDZR4I,spotify:track:3n0JO8qf7FUaVejgYDZR4I,https://api.spotify.com/v1/tracks/3n0JO8qf7FUaVejgYDZR4I,https://api.spotify.com/v1/audio-analysis/3n0JO8qf7FUaVejgYDZR4I,221507,4,RnB,"Independent Woman, Pt. 1",,,17655
0.847,0.934,9,-5.381,1,0.0442,0.00783,0.494,0.0797,0.863,126.035,audio_features,01fVbxyW9y2oKdXvg56uE5,spotify:track:01fVbxyW9y2oKdXvg56uE5,https://api.spotify.com/v1/tracks/01fVbxyW9y2oKdXvg56uE5,https://api.spotify.com/v1/audio-analysis/01fVbxyW9y2oKdXvg56uE5,232211,4,techhouse,,946.0,Tech house,22461
0.609,0.753,6,-5.39,0,0.38,0.11,0.0,0.14,0.8220000000000001,186.61,audio_features,4hH69Z2SGvKr702d2guLIt,spotify:track:4hH69Z2SGvKr702d2guLIt,https://api.spotify.com/v1/tracks/4hH69Z2SGvKr702d2guLIt,https://api.spotify.com/v1/audio-analysis/4hH69Z2SGvKr702d2guLIt,206889,4,Hiphop,Don & Fu√ü,,,20761
0.499,0.966,8,-3.012,0,0.12,0.0332,0.445,0.262,0.274,149.965,audio_features,6qG8iS09Jds42Tkcz8G59n,spotify:track:6qG8iS09Jds42Tkcz8G59n,https://api.spotify.com/v1/tracks/6qG8iS09Jds42Tkcz8G59n,https://api.spotify.com/v1/audio-analysis/6qG8iS09Jds42Tkcz8G59n,149617,4,hardstyle,,20546.0,Euphoric Hardstyle & Melodic Hardstyle,41862
0.498,0.83,6,-5.157,0,0.0421,0.00461,0.0,0.139,0.4529999999999999,178.68400000000003,audio_features,6rUp7v3l8yC4TKxAAR5Bmx,spotify:track:6rUp7v3l8yC4TKxAAR5Bmx,https://api.spotify.com/v1/tracks/6rUp7v3l8yC4TKxAAR5Bmx,https://api.spotify.com/v1/audio-analysis/6rUp7v3l8yC4TKxAAR5Bmx,231480,4,Underground Rap,I Hate Everything About You,,,9648
0.741,0.6559999999999999,10,-8.457,0,0.0577,0.0171,0.693,0.0737,0.461,124.98,audio_features,7Dv0Sz5wIrD6uELLaV251n,spotify:track:7Dv0Sz5wIrD6uELLaV251n,https://api.spotify.com/v1/tracks/7Dv0Sz5wIrD6uELLaV251n,https://api.spotify.com/v1/audio-analysis/7Dv0Sz5wIrD6uELLaV251n,217942,4,techhouse,,1294.0,BOILER ROOM TECHNO HOUSE,22807
0.764,0.894,10,-6.055,0,0.0634,0.00271,0.6890000000000001,0.056,0.644,123.997,audio_features,00anYvxmURsz1laNNu4YFw,spotify:track:00anYvxmURsz1laNNu4YFw,https://api.spotify.com/v1/tracks/00anYvxmURsz1laNNu4YFw,https://api.spotify.com/v1/audio-analysis/00anYvxmURsz1laNNu4YFw,217137,4,techhouse,,119.0,Dirtybird Players,21643
0.52,0.965,9,-5.374,0,0.0606,0.000354,0.068,0.102,0.0516,133.982,audio_features,5kcXpbwODxPJzv2R4ZhUNf,spotify:track:5kcXpbwODxPJzv2R4ZhUNf,https://api.spotify.com/v1/tracks/5kcXpbwODxPJzv2R4ZhUNf,https://api.spotify.com/v1/audio-analysis/5kcXpbwODxPJzv2R4ZhUNf,243582,4,trance,,8331.0,Best of Trance,29786
0.906,0.732,10,-10.005,1,0.259,0.523,0.00242,0.129,0.96,149.997,audio_features,3U5JNUbwycdHKJniU0Drgw,spotify:track:3U5JNUbwycdHKJniU0Drgw,https://api.spotify.com/v1/tracks/3U5JNUbwycdHKJniU0Drgw,https://api.spotify.com/v1/audio-analysis/3U5JNUbwycdHKJniU0Drgw,92447,4,Underground Rap,Crown,,,7272
0.797,0.593,6,-8.86,1,0.282,0.1159999999999999,0.0,0.436,0.715,116.971,audio_features,4DdMn9T4eWLqpyHrLDyxgw,spotify:track:4DdMn9T4eWLqpyHrLDyxgw,https://api.spotify.com/v1/tracks/4DdMn9T4eWLqpyHrLDyxgw,https://api.spotify.com/v1/audio-analysis/4DdMn9T4eWLqpyHrLDyxgw,210387,4,Trap Metal,Take A Step Back,,,11790
0.693,0.688,1,-6.278,1,0.0399,0.0104,0.0465,0.411,0.1689999999999999,119.991,audio_features,4wFEpYXapSluZPYjgha5S9,spotify:track:4wFEpYXapSluZPYjgha5S9,https://api.spotify.com/v1/tracks/4wFEpYXapSluZPYjgha5S9,https://api.spotify.com/v1/audio-analysis/4wFEpYXapSluZPYjgha5S9,180000,4,Dark Trap,Tell Me,,,3592
0.867,0.639,7,-5.778,0,0.0888,0.375,0.0111,0.225,0.736,199.954,audio_features,2mssuAa5xshIx2c06p1c2F,spotify:track:2mssuAa5xshIx2c06p1c2F,https://api.spotify.com/v1/tracks/2mssuAa5xshIx2c06p1c2F,https://api.spotify.com/v1/audio-analysis/2mssuAa5xshIx2c06p1c2F,213907,4,Hiphop,Complicated,,,19969
0.7170000000000001,0.581,11,-10.7,1,0.0445,0.0196,0.932,0.0758,0.148,126.065,audio_features,6aXavIIm4xznH3ifaFPEr5,spotify:track:6aXavIIm4xznH3ifaFPEr5,https://api.spotify.com/v1/tracks/6aXavIIm4xznH3ifaFPEr5,https://api.spotify.com/v1/audio-analysis/6aXavIIm4xznH3ifaFPEr5,304600,4,trance,,6157.0,Top Trance Songs EVER,27613
0.813,0.706,11,-8.66,1,0.0545,6.97e-05,0.904,0.0508,0.892,122.99,audio_features,4sZXLyBgW3lw5ShPqY0t67,spotify:track:4sZXLyBgW3lw5ShPqY0t67,https://api.spotify.com/v1/tracks/4sZXLyBgW3lw5ShPqY0t67,https://api.spotify.com/v1/audio-analysis/4sZXLyBgW3lw5ShPqY0t67,345714,4,techhouse,,2151.0,Dirtybird//Techhouse by Mack\,23656
0.73,0.993,5,-0.356,0,0.393,0.0874,0.000312,0.168,0.356,150.019,audio_features,051LylXMr9UlV3t6Tzp9VP,spotify:track:051LylXMr9UlV3t6Tzp9VP,https://api.spotify.com/v1/tracks/051LylXMr9UlV3t6Tzp9VP,https://api.spotify.com/v1/audio-analysis/051LylXMr9UlV3t6Tzp9VP,214400,4,trap,,13278.0,Riddim or die,34691
0.69,0.947,1,-5.2120000000000015,1,0.0424,0.0007599999999999,0.645,0.247,0.149,135.989,audio_features,5MQheqtwI7uk0z7MpIETlt,spotify:track:5MQheqtwI7uk0z7MpIETlt,https://api.spotify.com/v1/tracks/5MQheqtwI7uk0z7MpIETlt,https://api.spotify.com/v1/audio-analysis/5MQheqtwI7uk0z7MpIETlt,240000,4,trap,,13296.0,Lost Lands 2019,34709
0.409,0.821,4,-6.553,0,0.132,0.044,0.143,0.0622,0.27,122.181,audio_features,4FR2wKI8PXFMRJVsekEj64,spotify:track:4FR2wKI8PXFMRJVsekEj64,https://api.spotify.com/v1/tracks/4FR2wKI8PXFMRJVsekEj64,https://api.spotify.com/v1/audio-analysis/4FR2wKI8PXFMRJVsekEj64,253048,4,Dark Trap,Vale,,,2617
0.349,0.909,9,-4.149,0,0.0657,0.00627,0.000152,0.151,0.265,173.9,audio_features,3Vq7c4e4uuVOpiksROGQAE,spotify:track:3Vq7c4e4uuVOpiksROGQAE,https://api.spotify.com/v1/tracks/3Vq7c4e4uuVOpiksROGQAE,https://api.spotify.com/v1/audio-analysis/3Vq7c4e4uuVOpiksROGQAE,267786,4,dnb,,17306.0,Liqduicity Drum & Bass,38685
0.35,0.12,3,-11.104,0,0.0393,0.982,0.000289,0.103,0.121,137.99,audio_features,72794Eag03xdy7TO0KNuid,spotify:track:72794Eag03xdy7TO0KNuid,https://api.spotify.com/v1/tracks/72794Eag03xdy7TO0KNuid,https://api.spotify.com/v1/audio-analysis/72794Eag03xdy7TO0KNuid,202200,4,RnB,Cayendo (Side A - Acoustic),,,17034
0.589,0.993,5,-2.488,0,0.0351,0.000173,0.939,0.103,0.227,145.005,audio_features,276mW8rrCuHieOqT72JPMJ,spotify:track:276mW8rrCuHieOqT72JPMJ,https://api.spotify.com/v1/tracks/276mW8rrCuHieOqT72JPMJ,https://api.spotify.com/v1/audio-analysis/276mW8rrCuHieOqT72JPMJ,256552,4,trap,,13552.0,Headbangers:Dubstep/Riddim,34963
0.725,0.552,11,-7.369,0,0.0475,0.15,0.0,0.214,0.5820000000000001,111.996,audio_features,3BFrR2hemusNSuiuNWXUqO,spotify:track:3BFrR2hemusNSuiuNWXUqO,https://api.spotify.com/v1/tracks/3BFrR2hemusNSuiuNWXUqO,https://api.spotify.com/v1/audio-analysis/3BFrR2hemusNSuiuNWXUqO,291500,4,RnB,Come Thru,,,16776
0.762,0.735,11,-7.568,0,0.267,0.249,0.499,0.2269999999999999,0.48,120.153,audio_features,6jAoFFjoYEdJgf6dUXou6Q,spotify:track:6jAoFFjoYEdJgf6dUXou6Q,https://api.spotify.com/v1/tracks/6jAoFFjoYEdJgf6dUXou6Q,https://api.spotify.com/v1/audio-analysis/6jAoFFjoYEdJgf6dUXou6Q,130508,4,Trap Metal,Salem,,,12009
